{
  "untenlinks": {
    "x": 0,
    "y": 1038.719970703125
  },
  "obenlinks": {
    "x": 0,
    "y": 41
  },
  "obenrechts": {
    "x": 1524.938720703125,
    "y": 41
  },
  "untenrechts": {
    "x": 1524.938720703125,
    "y": 1038.719970703125
  }
}